{"cameraMode":{"drawMode":0,"name":"Shaded","section":"Shading Mode"},"sceneLighting":true,"audioPlay":false,"sceneViewState":{"showFog":true,"showMaterialUpdate":true,"showSkybox":true,"showFlares":true,"showImageEffects":true,"showParticleSystems":true},"in2DMode":false,"pivot":{"x":210.61326599121095,"y":-0.895584762096405,"z":144.01182556152345},"rotation":{"x":-0.3534906208515167,"y":-0.1212543472647667,"z":0.046354830265045169,"w":-0.9264870882034302},"size":2.666025161743164,"orthographic":false}