{"cameraMode":{"drawMode":0,"name":"Shaded","section":"Shading Mode"},"sceneLighting":true,"audioPlay":false,"sceneViewState":{"showFog":true,"showMaterialUpdate":true,"showSkybox":true,"showFlares":true,"showImageEffects":true,"showParticleSystems":true},"in2DMode":false,"pivot":{"x":212.6712646484375,"y":5.040503978729248,"z":131.97421264648438},"rotation":{"x":-0.06775499880313873,"y":0.2594689726829529,"z":0.018226657062768937,"w":0.9632338285446167},"size":5.106175899505615,"orthographic":false}