{"cameraMode":{"drawMode":0,"name":"Shaded","section":"Shading Mode"},"sceneLighting":true,"audioPlay":false,"sceneViewState":{"showFog":true,"showMaterialUpdate":true,"showSkybox":true,"showFlares":true,"showImageEffects":true,"showParticleSystems":true},"in2DMode":false,"pivot":{"x":200.78514099121095,"y":0.47575849294662478,"z":144.47862243652345},"rotation":{"x":0.45692986249923708,"y":0.27822089195251467,"z":-0.1530655473470688,"w":0.8309454321861267},"size":2.426018714904785,"orthographic":false}