{"cameraMode":{"drawMode":0,"name":"Shaded","section":"Shading Mode"},"sceneLighting":true,"audioPlay":false,"sceneViewState":{"showFog":true,"showMaterialUpdate":true,"showSkybox":true,"showFlares":true,"showImageEffects":true,"showParticleSystems":true},"in2DMode":false,"pivot":{"x":214.294921875,"y":1.4844268560409547,"z":138.38221740722657},"rotation":{"x":0.04458725452423096,"y":-0.17381617426872254,"z":0.007814914919435978,"w":0.9837824702262878},"size":4.096749305725098,"orthographic":false}