{"cameraMode":{"drawMode":0,"name":"Shaded","section":"Shading Mode"},"sceneLighting":true,"audioPlay":false,"sceneViewState":{"showFog":true,"showMaterialUpdate":true,"showSkybox":true,"showFlares":true,"showImageEffects":true,"showParticleSystems":true},"in2DMode":false,"pivot":{"x":214.3227996826172,"y":1.2822221517562867,"z":138.2681427001953},"rotation":{"x":0.1879781037569046,"y":0.29313957691192629,"z":-0.05891772732138634,"w":0.9356151819229126},"size":5.35752534866333,"orthographic":false}