{"cameraMode":{"drawMode":0,"name":"Shaded","section":"Shading Mode"},"sceneLighting":true,"audioPlay":false,"sceneViewState":{"showFog":true,"showMaterialUpdate":true,"showSkybox":true,"showFlares":true,"showImageEffects":true,"showParticleSystems":true},"in2DMode":false,"pivot":{"x":210.50914001464845,"y":1.8035211563110352,"z":146.51815795898438},"rotation":{"x":0.02260143682360649,"y":0.945242702960968,"z":-0.0670149028301239,"w":0.31867748498916628},"size":2.70739483833313,"orthographic":false}