{"cameraMode":{"drawMode":0,"name":"Shaded","section":"Shading Mode"},"sceneLighting":true,"audioPlay":false,"sceneViewState":{"showFog":true,"showMaterialUpdate":true,"showSkybox":true,"showFlares":true,"showImageEffects":true,"showParticleSystems":true},"in2DMode":false,"pivot":{"x":717.0604858398438,"y":-101.71725463867188,"z":-453.58905029296877},"rotation":{"x":-0.07314403355121613,"y":0.0017928432207554579,"z":-0.00013129432045388967,"w":-0.997321367263794},"size":1141.260498046875,"orthographic":false}