{"cameraMode":{"drawMode":0,"name":"Shaded","section":"Shading Mode"},"sceneLighting":true,"audioPlay":false,"sceneViewState":{"showFog":true,"showMaterialUpdate":true,"showSkybox":true,"showFlares":true,"showImageEffects":true,"showParticleSystems":true},"in2DMode":false,"pivot":{"x":208.40174865722657,"y":1.016627311706543,"z":145.55113220214845},"rotation":{"x":-0.16958793997764588,"y":-0.6593940854072571,"z":0.1563236564397812,"w":-0.7156766057014465},"size":2.477381467819214,"orthographic":false}