{"cameraMode":{"drawMode":0,"name":"Shaded","section":"Shading Mode"},"sceneLighting":true,"audioPlay":false,"sceneViewState":{"showFog":true,"showMaterialUpdate":true,"showSkybox":true,"showFlares":true,"showImageEffects":true,"showParticleSystems":true},"in2DMode":false,"pivot":{"x":214.48333740234376,"y":6.489160537719727,"z":139.36968994140626},"rotation":{"x":-0.14803598821163178,"y":-0.840438961982727,"z":0.28509077429771426,"w":-0.43663644790649416},"size":8.944184303283692,"orthographic":false}