{"cameraMode":{"drawMode":0,"name":"Shaded","section":"Shading Mode"},"sceneLighting":true,"audioPlay":false,"sceneViewState":{"showFog":true,"showMaterialUpdate":true,"showSkybox":true,"showFlares":true,"showImageEffects":true,"showParticleSystems":true},"in2DMode":false,"pivot":{"x":-4.905083656311035,"y":2.9544270038604738,"z":-14.99777603149414},"rotation":{"x":0.12768109142780305,"y":-0.37324243783950808,"z":0.05194523558020592,"w":0.9174561500549316},"size":4.096744060516357,"orthographic":false}